Dataset,Nodes,Edges,Max In-Degree,Clustering Coef,Fan-In (5+),Chains (5+),Triangles,Burstiness,CV,Illicit Nodes,Homophily
Bitcoin,203769,234355,284,0.01376219072424474,4396,1137,0,-0.4503146160793333,0.3790111316719975,4545,0.5162789776202755
Erdős–Rényi,203769,233058,9,0.0,1297,0,0,-0.9997608154282848,0.00011960658988319068,0,N/A
Barabási–Albert,203769,407536,1304,0.0,13584,0,0,-0.9997608154282848,0.00011960658988319068,0,N/A
