Dataset,Mean,Median,Std,Min,Max,Q1,Q3
Bitcoin,1.1501013402431184,1.0,1.894735088409571,0,472,1.0,1.0
Erdős–Rényi,1.143736289622072,1.0,1.0692750463792116,0,8,0.0,2.0
Barabási–Albert,1.9999901849643469,1.0,4.8843361615997285,1,1304,1.0,2.0
