Motif Type,Bitcoin Count,ER Count,BA Count,vs ER (fold),vs BA (fold)
Fan-In (5+),4396,1297,13584,3.3893600616808017,0.32361601884570085
Fan-Out (5+),2695,1294,13584,2.082689335394127,0.19839517078916372
Chains (5+),1137,0,0,1137.0,1137.0
Triangles,0,0,0,0.0,0.0
