Dataset,Burstiness,CV,Mean,Std,Min,Max
Bitcoin,-0.4503146160793333,0.3790111316719975,4158.551020408163,1576.137128360638,1089,7880
Erdős–Rényi,-0.9997608154282848,0.00011960658988319068,4158.551020408163,0.4973901064062833,4158,4159
Barabási–Albert,-0.9997608154282848,0.00011960658988319068,4158.551020408163,0.4973901064062833,4158,4159
