Dataset,Mean,Median,Std,Min,Max,Q1,Q3
Bitcoin,1.1501013402431184,1.0,3.9111220110600975,0,284,0.0,1.0
Erdős–Rényi,1.143736289622072,1.0,1.0676445041081832,0,9,0.0,2.0
Barabási–Albert,1.9999901849643469,1.0,4.8843361615997285,1,1304,1.0,2.0
